{
  "chapter": 28,
  "analysis": "CT-derived abdominal histotripsy FWI targeting and lesioning",
  "simulation_type": "synthetic CT-derived Born inversion with bounded 2-D Westervelt and Rayleigh-Plesset source maps",
  "dx_m": 0.002,
  "grid_size": 96,
  "element_count": 256,
  "iterations": 18,
  "cases": [
    {
      "case": "kidney",
      "title": "KiTS19 kidney tumor",
      "source_index": 21,
      "grid_shape": [
        96,
        96
      ],
      "spacing_m": 0.002104166666666667,
      "field_of_view_m": [
        0.202,
        0.202
      ],
      "target_voxels": 85,
      "imaging_voxels": 8127,
      "lesion_voxels": 26,
      "simulation": {
        "nonlinear_forward_model": "2d_westervelt_fdtd",
        "subharmonic_forward_model": "rayleigh_plesset_transient",
        "westervelt_steps": 940,
        "westervelt_dt_s": 1.0300642052861727e-07,
        "westervelt_frequency_hz": 750000.0,
        "westervelt_source_pressure_pa": 2000000.0,
        "fundamental_peak_pa": 303508.25,
        "second_harmonic_peak_pa": 126127.6875,
        "lesion_fundamental_peak_pa": 231730.3125,
        "bubble_drive_peak_pa": 185384.25,
        "subharmonic_peak": 1.0
      },
      "targeting": {
        "measurements": 15360,
        "active_voxels": 8127,
        "iterations": 18,
        "initial_objective": 190.21334838867188,
        "final_objective": 9.810093078613281,
        "therapy_elements": 256,
        "imaging_receivers": 64,
        "imaging_receiver_samples": 6,
        "therapy_focal_radius_m": 0.142,
        "therapy_lateral_extent_m": 0.23,
        "therapy_central_cutout_m": 0.04,
        "tikhonov_regularization": 0.0025,
        "smoothness_regularization": 0.12,
        "objective_reduction": 0.9484258430771754,
        "objective_history": [
          190.21334838867188,
          89.2285048341751,
          49.73705222129822,
          35.47090798377991,
          26.907521381378174,
          20.940708484649658,
          17.99537504196167,
          15.781924819946289,
          14.305642757415772,
          13.171451721191406,
          12.292801551818847,
          11.677413988113404,
          11.170123805999756,
          10.762022285461425,
          10.442887992858887,
          10.230918645858765,
          10.056619472503662,
          9.914983139038085,
          9.810093078613281
        ],
        "pearson_correlation": 0.905045240364913,
        "nrmse": 0.43503911090048253,
        "target_dynamic_range": 2.4822729229927063,
        "reconstruction_dynamic_range": 2.1292816400527954,
        "reference_sound_speed_m_s": 1581.10888671875
      },
      "lesioning": {
        "measurements": 15360,
        "active_voxels": 8127,
        "iterations": 18,
        "initial_objective": 0.011180579662322998,
        "final_objective": 0.00043365687364712354,
        "therapy_elements": 256,
        "imaging_receivers": 64,
        "imaging_receiver_samples": 6,
        "therapy_focal_radius_m": 0.142,
        "therapy_lateral_extent_m": 0.23,
        "therapy_central_cutout_m": 0.04,
        "tikhonov_regularization": 0.0025,
        "smoothness_regularization": 0.12,
        "objective_reduction": 0.9612133818867651,
        "objective_history": [
          0.011180579662322998,
          0.0036421487253392114,
          0.0024557091685710477,
          0.0015117459261091426,
          0.0011034307413501664,
          0.0009023108740802855,
          0.0007465230877278373,
          0.0006701183068798855,
          0.0006063131714472546,
          0.0005623910797294229,
          0.0005336412688484415,
          0.0005080347671173513,
          0.00048817452276125547,
          0.00047317174146883185,
          0.0004609210879425518,
          0.0004521241117618046,
          0.00044420761230867356,
          0.00043842601240612567,
          0.00043365687364712354
        ],
        "pearson_correlation": 0.926025142477849,
        "nrmse": 0.38725074370579393,
        "target_dynamic_range": 0.022727273404598236,
        "reconstruction_dynamic_range": 0.024958786787465215,
        "lesion_delta_c_m_s": -35.0,
        "equal_volume_dice": 1.0,
        "lesion_cnr": 46.43124361393169
      },
      "subharmonic": {
        "measurements": 15360,
        "active_voxels": 8127,
        "iterations": 18,
        "initial_objective": 6.583408832550049,
        "final_objective": 0.3421316730976105,
        "therapy_elements": 256,
        "imaging_receivers": 64,
        "imaging_receiver_samples": 6,
        "therapy_focal_radius_m": 0.142,
        "therapy_lateral_extent_m": 0.23,
        "therapy_central_cutout_m": 0.04,
        "tikhonov_regularization": 0.0025,
        "smoothness_regularization": 0.12,
        "objective_reduction": 0.9480312279246544,
        "objective_history": [
          6.583408832550049,
          2.6399375543743373,
          1.0855417273938657,
          0.6932482533156872,
          0.5560507978498935,
          0.4786949163675308,
          0.43499661639332765,
          0.410243104249239,
          0.3931785281002521,
          0.37950247898697853,
          0.37007961273193357,
          0.3620700845122337,
          0.35666909739375113,
          0.3525714801251888,
          0.34939179837703704,
          0.3470812192559242,
          0.3451273840665817,
          0.34357577741146084,
          0.3421316730976105
        ],
        "pearson_correlation": 0.6685276214504053,
        "nrmse": 0.7508085012562525,
        "target_dynamic_range": 1.0,
        "reconstruction_dynamic_range": 0.5454231351613998,
        "channel": "subharmonic",
        "equal_volume_dice": 0.34615384615384615,
        "lesion_cnr": 6.3519376033206205
      },
      "nonlinear": {
        "measurements": 15360,
        "active_voxels": 8127,
        "iterations": 18,
        "initial_objective": 0.0033576786518096924,
        "final_objective": 0.00017281431617448108,
        "therapy_elements": 256,
        "imaging_receivers": 64,
        "imaging_receiver_samples": 6,
        "therapy_focal_radius_m": 0.142,
        "therapy_lateral_extent_m": 0.23,
        "therapy_central_cutout_m": 0.04,
        "tikhonov_regularization": 0.0025,
        "smoothness_regularization": 0.12,
        "objective_reduction": 0.9485316094554376,
        "objective_history": [
          0.0033576786518096924,
          0.0010593499177775812,
          0.000573583878140198,
          0.00039291049994062634,
          0.00030437504377914596,
          0.00024901118857087565,
          0.000217048226040788,
          0.0001981061589322053,
          0.0001873480886570178,
          0.00018115154991392047,
          0.00017759558963007294,
          0.00017548299249028784,
          0.000174313042225549,
          0.00017364563595037905,
          0.00017326273024082184,
          0.0001730586535995826,
          0.0001729328180954326,
          0.00017286101676290854,
          0.00017281431617448108
        ],
        "pearson_correlation": 0.9733428914442255,
        "nrmse": 0.25238247489002885,
        "target_dynamic_range": 0.022727273404598236,
        "reconstruction_dynamic_range": 0.019560047308914363,
        "channel": "nonlinear_harmonic",
        "equal_volume_dice": 0.9615384615384616,
        "lesion_cnr": 79.88757169172754
      },
      "model_limits": "Synthetic 2-D Born receiver inversion on CT-derived abdominal slices with bounded 2-D Westervelt and Rayleigh-Plesset source maps; not measured histotripsy hardware data, not 3-D adjoint nonlinear FWI, and not clinical targeting validation."
    },
    {
      "case": "liver",
      "title": "LiTS liver HCC",
      "source_index": 34,
      "grid_shape": [
        96,
        96
      ],
      "spacing_m": 0.001625,
      "field_of_view_m": [
        0.156,
        0.156
      ],
      "target_voxels": 48,
      "imaging_voxels": 8549,
      "lesion_voxels": 22,
      "simulation": {
        "nonlinear_forward_model": "2d_westervelt_fdtd",