{
  "engine_ref": "KWave.jl/kwave_diffusion_2D",
  "engine_cand": "pykwavers.ThermalSimulation (nz=1)",
  "nx": 128,
  "ny": 128,
  "dx": 0.0005,
  "dy": 0.0005,
  "nt": 600,
  "dt": 0.05,
  "k_th": 0.52,
  "rho": 1040.0,
  "cp": 3650.0,
  "wb_per_s": 0.009,
  "wb_jl": 9.45,
  "q0": 1000000.0,
  "q_sigma_m": 0.003,
  "T_jl_max": 41.99383098272204,
  "T_py_max": 41.99390560422927,
  "T_jl_centre": 41.99383098272204,
  "T_py_centre": 41.99390560422927,
  "pearson_r": 0.9999999999590965,
  "rms_ratio": 1.0000000003647054,
  "rmse": 4.423729158071552e-06,
  "max_abs_diff": 7.462150723114291e-05,
  "reference_peak": 41.99383098272204,
  "candidate_peak": 41.99390560422927,
  "peak_ratio": 1.0000017769635559,
  "psnr_db": 139.54795476306913,
  "parity_status": "PASS"
}