{"c0":1500.0,"dt":2.0e-8,"dx":0.0001,"engine":"KWave.jl/beamform_delay_and_sum (Hann)","image_peak":0.02822394722786656,"image_peak_loc_idx":[33,35],"image_shape_y_first":[64,64],"img_x_m":[0.0007,0.0008079365079365079,0.0009158730158730159,0.0010238095238095238,0.0011317460317460317,0.0012396825396825397,0.0013476190476190476,0.0014555555555555556,0.0015634920634920635,0.0016714285714285715,0.0017793650793650794,0.0018873015873015874,0.0019952380952380955,0.0021031746031746033,0.002211111111111111,0.002319047619047619,0.0024269841269841273,0.002534920634920635,0.002642857142857143,0.002750793650793651,0.002858730158730159,0.002966666666666667,0.0030746031746031748,0.0031825396825396826,0.003290476190476191,0.0033984126984126987,0.0035063492063492066,0.0036142857142857144,0.0037222222222222227,0.0038301587301587305,0.003938095238095239,0.004046031746031746,0.0041539682539682545,0.004261904761904762,0.00436984126984127,0.0044777777777777784,0.004585714285714286,0.004693650793650794,0.0048015873015873015,0.00490952380952381,0.005017460317460318,0.0051253968253968255,0.005233333333333334,0.005341269841269842,0.0054492063492063494,0.005557142857142858,0.005665079365079365,0.005773015873015873,0.005880952380952382,0.005988888888888889,0.006096825396825397,0.006204761904761906,0.006312698412698413,0.006420634920634921,0.006528571428571429,0.006636507936507937,0.006744444444444445,0.006852380952380953,0.006960317460317461,0.007068253968253969,0.007176190476190477,0.007284126984126985,0.007392063492063492,0.007500000000000001],"img_y_m":[0.0015,0.0016015873015873016,0.0017031746031746032,0.0018047619047619047,0.0019063492063492063,0.002007936507936508,0.0021095238095238094,0.002211111111111111,0.0023126984126984125,0.0024142857142857143,0.002515873015873016,0.0026174603174603174,0.002719047619047619,0.0028206349206349205,0.0029222222222222223,0.0030238095238095237,0.0031253968253968254,0.003226984126984127,0.0033285714285714286,0.0034301587301587303,0.0035317460317460317,0.0036333333333333335,0.003734920634920635,0.0038365079365079366,0.003938095238095238,0.004039682539682539,0.0041412698412698415,0.004242857142857143,0.004344444444444444,0.004446031746031746,0.004547619047619048,0.004649206349206349,0.00475079365079365,0.004852380952380953,0.004953968253968254,0.005055555555555555,0.0051571428571428575,0.005258730158730159,0.00536031746031746,0.005461904761904762,0.005563492063492064,0.005665079365079365,0.0057666666666666665,0.005868253968253969,0.00596984126984127,0.006071428571428571,0.006173015873015873,0.006274603174603175,0.006376190476190476,0.006477777777777778,0.006579365079365079,0.006680952380952381,0.0067825396825396825,0.006884126984126984,0.006985714285714286,0.007087301587301587,0.007188888888888889,0.00729047619047619,0.007392063492063492,0.007493650793650794,0.007595238095238095,0.007696825396825397,0.0077984126984126986,0.0079],"n_sensors":65,"nt":907,"nx":96,"ny":96,"rho0":1000.0,"sensor_x_1based":4,"sensor_y_range_1based":[16,80],"src_x_1based":49,"src_y_1based":49}