{
  "engine": "KWave.jl",
  "function": "pstd_elastic_2d",
  "nx": 32,
  "ny": 32,
  "nt": 200,
  "dx": 0.00050000000000000001,
  "dy": 0.00050000000000000001,
  "dt": 4.3301270189221931e-08,
  "cp": 2000,
  "cs": 800,
  "rho": 1200,
  "pml_size": 10,
  "u_mode": "dirichlet",
  "n_sensors": 3,
  "solver_seconds": 1.498534600,
  "peak_abs_ux": 9.4444627952490639e-07
}
