{
  "acoustic": {
    "peak_ispta_w_cm2": 0.1404845154845155,
    "peak_mi": 0.42426406871192845,
    "peak_pressure_pa": 300000.0
  },
  "guidance": {
    "best_channel_drive": 0.588139692086516,
    "best_duty_percent": 1.0,
    "best_pressure_kpa": 404.67625899280574,
    "feasible_fraction": 0.37083333333333335
  },
  "protocol": {
    "axial_fwhm_m": 0.03,
    "duty_cycle": 0.05,
    "frequency_hz": 500000.0,
    "lateral_fwhm_m": 0.005,
    "pressure_pa": 300000.0,
    "pulse_repetition_hz": 10.0,
    "sonication_s": 30.0
  },
  "response": {
    "peak_response_150_kpa": 0.057234038893296056,
    "peak_response_300_kpa": 0.06324985539251766,
    "peak_response_500_kpa": 0.07361653361361888
  },
  "thermal": {
    "default_cem43_min": 0.00012911411061619608,
    "default_delta_t_c": 0.07542334739895588
  }
}