{
  "ct_path": "data\\rire_patient_109\\patient_109_ct.nii.gz",
  "grid_size": 64,
  "element_count": 1024,
  "active_frequencies_hz": [
    110000.0,
    160000.0,
    220000.0
  ],
  "passive_frequencies_hz": [
    110000.0,
    220000.0,
    440000.0
  ],
  "receiver_offsets": [
    512,
    384,
    640,
    256
  ],
  "noise_snr_db": 36.0,
  "gain_jitter_std": 0.02,
  "phase_jitter_rad": 0.025,
  "robust_misfit": "Huber IRLS",
  "source_slice_index": 6,
  "scenario_metrics": {
    "compact": {
      "active_rtm": {
        "auprc": 0.580320427435812,
        "dice_equal_area": 0.8275862068965517,
        "cnr": 3.9182698726654053
      },
      "linear_fwi": {
        "auprc": 0.657263089474628,
        "dice_equal_area": 0.896551724137931,
        "cnr": 4.946387767791748
      },
      "multiparameter_fwi": {
        "auprc": 0.9067269802846726,
        "dice_equal_area": 0.896551724137931,
        "cnr": 5.537948131561279
      },
      "nonlinear_fwi": {
        "auprc": 0.7818905987175218,
        "dice_equal_area": 0.896551724137931,
        "cnr": 4.331157207489014
      },
      "passive_rtm": {
        "auprc": 0.327500013927611,
        "dice_equal_area": 0.3448275862068966,
        "cnr": 0.5710456967353821
      },
      "subharmonic_source": {
        "auprc": 0.4735433440096215,
        "dice_equal_area": 0.41379310344827586,
        "cnr": 0.8188068270683289
      },
      "fused": {
        "auprc": 0.7235523557638942,
        "dice_equal_area": 0.896551724137931,
        "cnr": 3.742060899734497
      }
    },
    "elongated": {
      "active_rtm": {
        "auprc": 0.456937258473353,
        "dice_equal_area": 0.6086956521739131,
        "cnr": 3.2310338020324707
      },
      "linear_fwi": {
        "auprc": 0.9806233670411364,
        "dice_equal_area": 0.9130434782608695,
        "cnr": 4.32683801651001
      },
      "multiparameter_fwi": {
        "auprc": 0.9855874609182738,
        "dice_equal_area": 0.9130434782608695,
        "cnr": 4.625659465789795
      },
      "nonlinear_fwi": {
        "auprc": 0.8210662170256913,
        "dice_equal_area": 0.8260869565217391,
        "cnr": 3.7094500064849854
      },
      "passive_rtm": {
        "auprc": 0.2757764395420702,
        "dice_equal_area": 0.391304347826087,
        "cnr": 1.0637526512145996
      },
      "subharmonic_source": {
        "auprc": 0.17391057065448623,
        "dice_equal_area": 0.30434782608695654,
        "cnr": 1.2853751182556152
      },
      "fused": {
        "auprc": 0.8019347022751813,
        "dice_equal_area": 0.8260869565217391,
        "cnr": 3.895920991897583
      }
    },
    "multifocal": {
      "active_rtm": {
        "auprc": 0.8987586010971682,
        "dice_equal_area": 0.8,
        "cnr": 3.647459030151367
      },
      "linear_fwi": {
        "auprc": 0.8595982390625247,
        "dice_equal_area": 0.9333333333333333,
        "cnr": 5.343222141265869
      },
      "multiparameter_fwi": {
        "auprc": 0.915455278848136,
        "dice_equal_area": 0.9333333333333333,
        "cnr": 5.265387535095215
      },
      "nonlinear_fwi": {
        "auprc": 0.8862886121814694,
        "dice_equal_area": 0.9333333333333333,
        "cnr": 4.536317825317383
      },
      "passive_rtm": {
        "auprc": 0.2611059218240043,
        "dice_equal_area": 0.4,
        "cnr": 0.2908129096031189
      },
      "subharmonic_source": {
        "auprc": 0.16807494335110773,
        "dice_equal_area": 0.4,
        "cnr": 1.3167134523391724
      },
      "fused": {
        "auprc": 0.9950680272108844,
        "dice_equal_area": 0.9333333333333333,
        "cnr": 3.95770263671875
      }
    }
  },
  "objective_history": {
    "compact": {
      "linear": [
        2.94962739944458,
        0.7547945882417262,
        0.3440802480839193,
        0.21089985283464194,
        0.14493837348371744,
        0.09568806628510355,
        0.07748888102546335,
        0.05906820420175791,
        1.0006581482626498,
        0.6383313526809216,
        0.4074040836617351,
        0.2976704444102943,
        0.22401277271658182,
        0.18684665325284006,
        0.1311904256939888,
        0.11128873191028833,
        0.4182353219017386,
        0.37038112127780914,
        0.3048235326483846,
        0.2830023617446423,
        0.24247114157676697,
        0.2136842795088887,
        0.15661588909476995,
        0.13971132917702198
      ],
      "multiparameter": [
        2.94962739944458,
        0.6885542983964086,
        0.2974674161545932,
        0.1740725477516651,
        0.11347055705189706,
        0.071685535633564,
        0.05783178322017193,
        0.04163396972119808,
        0.8676207349687814,
        0.5621113908782601,
        0.3337584443226457,
        0.23966308851242066,
        0.17865228098332883,
        0.1445015408873558,
        0.10671000827550887,
        0.084863686850667,
        0.34654101966023443,
        0.31968406356871126,
        0.2783447977364063,
        0.25280056786239147,
        0.21711106319129467,
        0.19365582292377947,
        0.15103837047219276,
        0.1262265723913908
      ],
      "nonlinear": [
        3.473332166671753,
        1.1636404763093218,
        0.7871472760616802,
        0.6365587917817757,
        0.5789748261136934,
        0.5119907977044582,
        0.48193014973383397,
        0.45261874465998264,
        0.43607079873904586,
        0.4131766391796991,
        1.8825820265367628,
        1.5835149272533133,
        1.346723806609586,
        1.1929147919032723,
        1.1271238758787514,
        1.0728253397095948,
        1.013477477861196,
        0.9637288329098374,
        0.9053158224787563,
        0.844575704324618,
        1.836472177221626,
        1.6824995353408156,
        1.718677914417535,
        1.5907450448900462,
        1.5769256396748126,
        1.4828563410371542,
        1.4554645191513003,
        1.3344146876432001,
        1.3222338842056691,
        1.299611334900558
      ],
      "subharmonic": [
        1.2766380310058594,
        0.0676947652529925,
        0.01675530406087637,
        0.010353354698047042,
        0.007758334904909134,
        0.006295545818284154,
        0.0053257713932543995,
        0.004688761478289962,
        0.0042888267040252686,
        0.0039726356510072945,
        0.003758463364094496,
        0.003572029482573271,
        0.003439618406817317,
        0.0033272329550236464,
        0.0032097022086381914,
        0.003162397375330329,
        0.003071530479937792,
        0.003054985944181681,
        0.002978597206994891,
        0.0029460231214761736
      ]
    },
    "elongated": {
      "linear": [
        6.230040073394775,
        2.3184229562059047,
        1.274605592995882,
        0.7875660506635904,
        0.5245550576224923,
        0.3769362267404795,
        0.28606774179637434,
        0.22514780637621878,
        4.759088708117604,
        3.7987931235581636,
        2.311566798582673,
        1.7539825644046068,
        1.34227335549891,
        1.070740025728941,
        0.75908532294631,
        0.5940838793516159,
        1.4813575454354286,
        1.271605602681637,
        1.1494785888493062,
        1.0091927554905415,
        0.8923588577210904,
        0.7948489026129246,
        0.6339301269948483,
        0.5762406914234162
      ],